{
  "step": [
    200,
    400,
    600,
    800,
    1000,
    1200,
    1400,
    1600,
    1800,
    2000
  ],
  "train_loss": [
    0.29709312915802,
    0.16863117069005967,
    0.13552752882242203,
    0.12861064523458482,
    0.14005551040172576,
    0.101441490650177,
    0.09044716209173202,
    0.07916203886270523,
    0.09522021189332008,
    0.09556468576192856
  ],
  "val_loss": [
    0.27717604637146,
    0.1453583762049675,
    0.12767641842365265,
    0.12023445963859558,
    0.10685535818338394,
    0.09564196020364761,
    0.09176642298698426,
    0.07949717342853546,
    0.07479921206831933,
    0.07747204676270485
  ]
}