{
  "step": [
    200,
    400,
    600,
    800,
    1000,
    1200,
    1400,
    1600,
    1800,
    2000,
    2200,
    2400,
    2600,
    2800,
    3000,
    3200,
    3400,
    3600,
    3800,
    4000
  ],
  "train_loss": [
    0.2951747000217438,
    0.1683503657579422,
    0.13319212943315506,
    0.12955916970968245,
    0.14141129553318024,
    0.10150224566459656,
    0.09148060977458954,
    0.07988781929016113,
    0.09560150727629661,
    0.09605856165289879,
    0.08216080367565155,
    0.07618262618780136,
    0.09946449995040893,
    0.11358353048563004,
    0.07954244315624237,
    0.07784245163202286,
    0.08962476328015327,
    0.08937696665525437,
    0.054030914604663846,
    0.057400927692651746
  ],
  "val_loss": [
    0.27577848434448243,
    0.14447858184576035,
    0.12472822964191436,
    0.12030943185091018,
    0.10628130286931992,
    0.09589028954505921,
    0.09251646846532821,
    0.07964690625667573,
    0.07547438442707062,
    0.07837086021900178,
    0.08561046868562698,
    0.07949174717068672,
    0.07844469845294952,
    0.07640313059091568,
    0.07373532131314278,
    0.06653518006205558,
    0.06571853309869766,
    0.06333957090973855,
    0.06754942163825035,
    0.06420988887548447
  ]
}