{
  "step": [
    200,
    400,
    600,
    800,
    1000,
    1200,
    1400,
    1600,
    1800,
    2000,
    2200,
    2400,
    2600,
    2800,
    3000,
    3200,
    3400,
    3600,
    3800,
    4000
  ],
  "train_loss": [
    0.2665398597717285,
    0.13632080256938933,
    0.09252693131566048,
    0.0968898892402649,
    0.10640659779310227,
    0.07647624984383583,
    0.07853565514087676,
    0.06150748506188393,
    0.07700075805187226,
    0.07787766680121422,
    0.0583427831530571,
    0.060097656399011615,
    0.07302555069327354,
    0.08378787487745284,
    0.06275812685489654,
    0.06690688878297806,
    0.07612961754202843,
    0.06781574040651321,
    0.0401762917637825,
    0.04154874831438064
  ],
  "val_loss": [
    0.2378072738647461,
    0.10788461416959763,
    0.08563252389431,
    0.08368076384067535,
    0.07113658785820007,
    0.06797458082437516,
    0.06603051498532295,
    0.05927739813923836,
    0.0533142127096653,
    0.054132862389087676,
    0.05851641818881035,
    0.0548596516251564,
    0.055030065774917605,
    0.05322464555501938,
    0.05219317600131035,
    0.048745147138834,
    0.045893316715955736,
    0.04554285183548927,
    0.0457298569381237,
    0.04328385666012764
  ]
}